x__1,x__2
1.19423654751224,0.744655243875435
0.501485899344891,1.30359150477496
-0.915548601847581,-0.310984147943385
-1.29697463003479,-0.492406796413655
1.02682891574754,-0.718583855727571
-0.457643211295638,2.49476879418187
0.790163532143641,-0.229942480060242
1.81840175889288,-0.292082194391
0.503845563049094,1.00534852889188
0.497018130667234,-0.440899304886871
-0.814485554802271,-2.75368580257355
0.290125409382462,-0.418481959467001
-0.42900428285406,-1.72794420719355
-0.382363352512717,0.897660681266402
-1.54648611341566,2.10881168490074
2.94703698117114,0
-1.48248538194914,-1.71645312599286
0.198314152877047,0.900358191122908
0.198243242471814,-1.02927075755368
1.26676017432158,0.759069255043053
0.673727711644152,0.794158934667807
1.92384544041044,1.32119641087134
-1.41024295569668,1.27349370142911
0.488999849825565,1.89761101301154
1.1259718897509,0.059855018173332
-1.28727264954944,1.89234004288112
0.219109955432257,-0.059576130976804
-0.026246161737363,-0.0351354797771
-1.20733699478963,0.638882523287128
0.022186510751061,0.005404920867575
1.81271689345316,0.562503564686997
0.513022858932345,2.32915465977562
-1.37855418674025,2.42048828765887
0.410585859883796,-1.94562931600688
0.740476206242328,-0.222586683709891
-0.23972018804878,0.339322273633332
1.23258790397231,2.35444664345085
0.383933445527709,-0.378858030122326
2.11948388804457,-0.093799537615644
1.99447981815956,-0.467155698842891
-0.897656998772067,0.768388467228236
-0.324990435265919,-1.30899704840963
-0.109958534238001,0.072678492652554
1.8186657704989,-2.18249655848684
-0.484044768340294,-1.22576516748361
-0.237891245215854,1.44002050477333
0.497290474455333,-1.08651295487619
1.16269934699974,0.144823714611079
0.515482425894394,-0.290551291422515
-1.09035472859093,2.55978655395962
0.005557011471734,-0.035594498940016
1.78118666647147,-1.29405864304833
-0.005774100083683,-0.144996657599296
-1.23802605555611,-0.641207704711336
0.852914170860785,2.21711451685631
0.849322036592017,-2.53725298194953
0.529257307237539,2.21541383931359
0.279571160462329,0.471308155169203
-1.57036335229085,-0.959986824893033
-1.02052494986297,-0.905351406188468
0.726019657149789,0.025715980238488
2.64805724727111,1.40136587064656
-2.95201706971168,0.156835670165663
-0.004353024815782,-0.015209101508999
-0.096955109155891,-0.045938757937451
2.37737638171862,-0.714637850988272
-0.739043475940039,0.796824707070672
2.61239923665559,0.913222738962186
0.097395660742437,0.531027070105075
1.20348839101287,1.08685369685785
2.63573772853381,-0.375634234953153
-2.58854471170641,0.803164889081089
0.398928739114389,0.317736676062069
1.85735585748815,1.06874430656861
1.81490500256472,-1.06573747219393
0.205633200599523,-1.067639116069
-0.387294092031192,0.627287058393663
-0.469443117832108,0.690099343009879
0.478909552549281,-1.51953621499434
-0.284937934114206,0.040616917498707
0.82155755511834,0.398208311731064
2.02160648859132,-1.36207005009295
1.50691813561726,-0.269495828594699
1.84314987660119,-1.03889007661619
0.1362109058422,0.004824658572821
0.375106331576259,1.15455331799686
0.104741263621563,-0.392016749715316
-0.093814188364095,-0.727104137457698
0.669094907468377,-2.50423187393001
-1.21783844111431,-2.48467930420164
-1.47967048606505,-0.733439416453982
1.38282061104249,2.33119406895406
-1.8937511679799,0.269947682438411
1.2724782028561,-1.06986309608797
1.15650710534935,0.92112873169185
0.06262707130778,-0.083832976418319
2.91710802777056,0.206910449925351
0.312949230336318,-0.37555587687932
1.15325419379611,-1.9838616680695
0.272750099965918,0.315815114886638
-0.614796822548215,1.28284336881954
1.34380490301618,2.45990649684186
-1.49544789677352,1.3992845164054
1.05905183536337,2.11317967803374
-1.2728851275279,2.0616487154049
-0.30893119835966,0.228648073426816
1.81022193821992,0.373650311645158
2.26223766092432,0.79081590742521
0.36722422040643,-0.980302853229918
-0.513291700053966,-1.62879888461982
0.525959347314607,-2.73075928895743
-1.85998177836959,-1.65006952427566
2.00315537638218,-0.431931298590395
-1.8798178170521,2.21570653704114
2.05018986454692,0.676206755681977
-0.368911179748661,2.50848957489583
-0.862624976035552,-0.053516722958602
-0.263291938315594,-2.04063650762015
-2.30679564869809,0.561891581358062
-0.688307753687439,-0.703731276963025
-1.98445038255869,-1.33712286749913
0.148460536858568,-1.59277913820539
0.07218609268205,-0.290713798274331
0.061780375068283,-2.79142811785522
-0.028454200394896,2.14297161546537
-0.504949051127421,1.10333380562949
-0.73224119574909,-1.56338199525199
-2.12639755759255,0.598431223779692
-0.038170184470102,2.87471166791874
0.219986837525174,0.336051675432535
0.616020934874386,-0.087792707932055
0.933940448756581,-0.392909634615413
1.65460024768723,1.09370075996179
-0.142910556396927,-0.100016475062341
1.0075774918275,-0.342209699611404
0.596355597527366,0.08502677098216
1.86280791154772,0.132128950807974
-1.26977655144389,-0.406379781949142
0.145442438588205,0.880567760004541
-0.892006068938687,-2.66503355643135
-0.101227109471085,-0.000896027555132
-0.576717525170629,-0.29869784963076
-0.307316688932501,0.095353181756142
-0.593992228092187,0.219498022826552
-1.89688867530197,0.236214933753884
1.22254480603436,-0.823697230194593
-1.77027293452794,0.300448490628025
-0.065243314637219,-1.63836137510498
0.962717627053019,0.234530460892408
2.77781481974546,0.471533376983408
1.38235161844056,-1.57216745092464
-0.304248596394666,-0.346047135753243
-1.04046137013979,-1.10214740571938
0.800724842870858,1.87999007716324
-0.889207600022792,-0.543586030182989
-0.064374170327623,-0.163017185257096
0.12501058005248,-0.286424189687916
2.07117989342964,-1.39547044249991
1.78653016420174,-1.89233424653578
0.139899467810693,-0.320537603206279
-1.35314903655132,1.65339219311042
-0.342982652185239,-1.62552281925238
2.02452445661843,-1.99776121748053
-0.972009533324957,-0.209620665424157
0.523006513819721,-0.594822479809098
-1.66011954700229,2.44043924638782
-1.30438115137085,-2.43880210627555
2.16761852418428,-1.82247134781269
1.54857256561757,2.41175887588147
2.43770801057849,0.804020473244088
-0.215037408752639,-0.034547200183039
0.358673192617467,0.139817871563001
0.29312444264206,2.44197777161706
2.70519389310761,0.41007891016008
2.90110966753377,0.205775686357066
-2.07555293856825,1.19421418136216
-0.259939741735149,-0.247590938701243
-0.537671765013457,0.397944959457276
-0.148664766349239,0.227085211709902
0.626345721404831,-0.276654129193241
-0.143778192384047,-1.29452923292907
-1.02339785440583,-1.99769511662952
0.899742467453808,0.136391484328817
1.72275994180106,-1.89074588241433
1.09804356515135,2.4565001790139
0.036543943669845,0.248540318015302
-1.48636459670837,-2.14409629595278
0.059600210472091,1.22404688864675
-0.943729990099163,-0.109075456033627
-0.114295706558377,0.691863043981616
0.847470661057167,-1.45784387200076
2.57321231534546,-0.925076398552441
0.659896009082972,-2.8742072356934
-1.16758281982609,0.198160684184841
0.010430453516383,-2.3567698009278
-2.48315063684572,-0.242540553362791
-0.670371748555046,1.13005206634505
-2.61335475769985,0.23184574503798
-0.861619404554556,0.015228731362991
-0.143361677795315,0.106105733591117
-0.697988057770428,2.28500615737649
0.665185055835793,0.100835050473428
-1.67390102740343,-1.65187245631379
-2.07286170916325,-1.50606037419581
-0.200263531063891,-1.80310373188814
0.014412786595419,-0.043056560635309
1.30511927239748,0.896287644647112
-0.935870489432156,-0.595122160912983
-2.38276067227982,1.20737989600289
1.13139178656669,-1.28674739288853
1.4380824250091,2.11417321860473
2.04045062650092,1.2723042700862
-0.991970308698231,-0.747910201764437
0.213896739885768,-0.541611141876191
-1.284822686675,-2.04049511145397
-1.45210466064172,-2.01744300365387
-0.617344016142397,0.07687634903151
-1.46698985257887,-0.7930389281897
1.88969332605138,-1.53253073506247
-0.714898633602162,-0.889526964388296
-2.74431866700333,-0.591831546286751
0.171396424346915,0.117706098383357
-1.56707591682098,1.07611624913452
-0.082330299538923,-0.153933003183006
-1.51067013607781,1.03738221171406
0.407207622138503,0.076562981356279
-1.83723253539765,0.228786099727412
0.826465491383857,0.801274334698658
-1.3393474432933,-0.011855442888342
-1.34213368618679,0.650481198049391
-0.111085251400874,-1.00017327315949
-2.106487484267,-1.23704415871458
-0.139305153661153,0.759399771797441
0.066774731482662,0.653923627512611
-1.58540825423463,-1.62093390533981
-0.660428452557485,-2.09569943714993
0.839466239211834,-0.56559564333974
-1.06823124314369,-0.4718714896509
-0.781084310647955,-0.034591132890054
0.205676454070838,0.79814728880021
0.315849805454977,-0.019585569952196
0.159626874220734,-0.025640190611428
0.068826494368637,0.468098324384594
-0.487545584280657,0.082745621905214
0.856224194974705,1.08490208032481
-1.16221295320242,-0.65512664429222
-1.1736800040725,0.146155516673169
-0.295901285053149,0.519548380225777
0.066487252437644,-1.66833370749417
-0.455906124648211,0.09408985954255
-0.788934694068741,-2.2254056395417
-0.801989233345611,-0.233410055292495
0.374815400965695,-0.700741753996076
0.161862985357087,-2.81022719519416
1.8032976328447,0.095860663634972
0.285502551983475,1.94174158391961
0.796680750326502,-0.732333473090811
0.239208927810227,1.0013026970269
1.36739650473806,0.307579504457481
-1.8555428854272,0.899311127920478
-0.210374230633638,1.75215124451563
-0.251112847862855,2.97924921353163
0.444658571610586,-1.07008195728861
-1.57395315367591,0.224361581017358
0.608139022593164,-2.64877731488904
0.08555779611642,0.095592245691691
2.75968931978774,-0.595059277805389
-1.80114598798996,-0.973680139175971
0.256568551822261,-0.40744289672546
2.22638305407647,1.47165264940162
0.599053023054593,0.010606053625169
-0.670231301630436,0.150739296785377
-0.179780780472011,0.245151771678438
0.376091793597535,-0.952307669062231
-0.247359974213461,2.93472442731063
2.15516135919722,0.997885254196443
-1.70253892632766,0.663624070714045
1.267596784597,1.97416502407908
-0.25432957851137,-0.250982596157744
0.944342211371559,0
0.708013548136031,0.711175404732817
-2.46895473187507,-0.486876320373136
-0.372799708401198,-0.367893656762379
-0.59702608198135,0.329584272311708
-0.144776422166308,-0.830733627421412
-0.073724686477756,-1.85134184841024
-0.059696989436302,0.049296222303795
1.74190969455838,1.337683992245
-1.52817682262128,0.952816663751345
0.308794045841426,0.34501024615032
-0.42032350443358,-0.340901019292671
-1.41265816521659,-0.73165447172546
-0.440044342499333,1.59037766763436
-2.49099983985868,-0.583531977822078
-1.67252740393377,0.72112389944414
0.690524813112978,-2.33432949291404
2.02046336777199,0.035771696330004
-0.694230453750492,-0.249601253022366
2.61281838782522,1.32405251194565
-1.1967159691209,2.38768819488621
1.01909631538374,2.5152947608193
0.639515826514706,-0.028302309426994
-1.18062739831014,-0.354934661748825
0.306102512601495,1.51708737603209
-0.642405379463778,-0.743790620239019
-0.47978250338701,0.747167436889751
-1.20392895008131,-2.07117756218417
2.00743494528573,2.08909274252164
0.136127490209231,-0.406665393782298
2.46705371755719,1.25018588626641
-0.26450550825379,0.230488763476017
-1.0662799300505,0.962884281317871
-1.10488090075889,-0.980187184357572
-0.432694941748411,-0.314379248264133
-1.58707658119072,0.554744523717464
-0.836720531797442,-0.300831650409335
-2.55173846861487,1.46819780393042
-1.07891909981029,-1.22714408093606
0.012800015717666,0.003971968538077
-1.21529983321859,-0.140463252113011
0.969578144158862,-0.815193433475524
-0.3386579466743,1.31403085693284
-0.117099493728182,0.848151014520227
0.272252693818764,-0.863832900565935
0.572213607136847,0.200030098864186
-1.16832762677916,0.728451063409518
2.01349931873748,-0.268855329571326
-0.109635930293331,-1.45504004628491
0.110190595069898,0.749421184215722
1.82701884470317,-2.07789358478027
1.76396277148372,0.496488730730695
-2.33709093448535,1.86131882754139
-0.129644272735764,0.88154364642509
2.690567159273,-0.310891122616522
0.438197643660094,2.6530270068528
-0.715039075513877,0.089042077193624
0.20827581343939,0.042990486943443
0.378112397383685,0.66394255280411
-0.059119487627419,-2.67484596906156
-0.01437534746464,0.463871988968125
0.219523958781562,-0.194737283935436
0.031594695825898,-0.052200908937882
-2.16038021536731,0.712478236113967
-0.632552497815925,1.73519594831949
2.0736299070715,0.683937900676247
-2.38723424977466,-1.29051314666626
2.08073079797247,-0.334218999974328
1.28591398792009,1.75360246744654
-0.418577865634948,1.75188799601256
-0.202305052952742,0.442044605240974
-2.61144278181568,-0.760031405351932
0.356433147952642,-0.22664155602979
-1.70610682769045,-0.399665979743475
-0.126019362579031,0.412550066202502
-0.810394241297595,1.81283566365061
0.446520990648987,-0.597715698621698
1.01119006160956,1.05232292781366
-0.14967399513139,-0.179627839143236
0.128317341138238,0.582568452532753
0.084999971082798,-0.045946758687777
1.32040942477233,0.791217010710439
-1.87444285744497,0.808181402269839
-2.04818784670561,0.883092978528517
-0.693534047159775,1.80265042822964
2.7938242186544,-0.759642514865933
2.66969830938067,0.650373024600544
1.91495733973796,-0.99173580445089
1.02563598307541,-1.01207756890375
-0.794878476439922,-1.42494247256041
-1.40223598972193,-0.85720802995062
-0.467363694659593,0.087858910856004
2.44842072820482,-0.97940935836063
0.261056593673138,-0.135198401322646
0.967479768365556,-0.677050803331159
2.07005058977948,-0.484856212183144
0.791718233199836,-0.533425124839912
-0.890067833915804,-0.421727241876713
2.5738725598679,0.320596881745457
0.071944082914417,0.067321853437489
-1.58002212598184,-1.96597422254006
-0.415925149272063,-0.77765546445656
-0.695403471225318,0.169387070046368
2.62897208607526,-0.256703589337542
0.167122477437307,-0.312446334034995
-2.3329708965242,1.45460493402998
1.75944760527378,0.615054367878921
-0.980318739641163,0.564047545779358
-1.47959253723963,0.749731311466453
-0.540872432981937,0.876032669829979
0.247540172254168,-1.2852183885019
-0.145520485984034,-2.527819897772
1.26349472655917,0.901027162252499
-1.22721011158287,-1.21106000190353
-0.171227612337442,-0.349344946192883
0.594168660265621,-2.3928851337363
1.31196623273426,0.900989778837478
1.06154702204422,1.39515410377747
1.18785922533446,-0.322979650335471
1.71159623637638,0.449207744067763
0.046568362247835,0.152467474295703
-0.090412874317083,0.031602789364662
0.047978944321529,0.084248130963443
0.92391351404603,0.89575208403044
-0.680353662925867,1.97425118046717
-0.088234100367289,0.044709517059234
1.48419294331778,-1.20367218904782
-0.006627299947468,-1.50771348348529
-0.887120966849517,0.345786412359041
-2.55534237179313,0.480374492531915
-0.205140503932444,-0.061671849627124
0.065507095208589,0.274205614761981
-0.519205101828133,0.274746046042685
-2.04078517710883,1.22279765903464
0.987624554754478,1.06490518246911
-0.351910829070819,-2.72747464211385
-0.159650598103685,-0.506610015499628
0.19878835342577,1.94673042171934
1.5393723895115,0.663768053910415
-2.47462154994495,0.419989649649592
2.22613183474555,1.93995809666739
0.916808496129908,0.704054896220157
2.05956487583288,-1.67029561334397
1.61185291787744,-0.099949588476921
-0.738830849281801,-0.098676097457396
0.433965036600242,0.549867165351177
-1.20569302285542,-1.73922464924507
-1.29106084455817,-0.789244985310614
-0.591199066940822,1.62175665916744
1.71269258683033,0.182604473123721
-2.30217303835516,0.604130211280822
-1.18006026274327,-0.34344342757116
-1.32064025523573,1.86935717723992
0.337003246048227,-1.74970698639287
-1.07811800755981,2.15106149309246
2.11158435276244,1.84013592456706
2.039174740847,0.944180998762452
1.32958585849218,-0.153631712457747
-1.14689127130109,-1.82143890883136
0.355736029791009,-0.363685390865996
2.53058384926465,1.1717138008773
-1.57858168066299,0.225021361538892
1.33700561964923,-0.785108304501039
-0.143572258083466,0.223585719202784
-0.974232961732667,-1.03199250078425
-0.299559336584644,-0.894989072316799
0.552982195473305,-0.139892383353759
-2.18350530239729,-1.23081789581867
2.705498507786,0.410125086537919
-0.954596609935833,-0.277824736596098
-1.72663418390591,-1.96384410943745
1.69013219051919,0.856478882269268
0.451745294306764,-0.366362911061121
1.80248147185648,1.87580223719236
-0.724336926294172,-0.142838786321798
0.325403983227782,0.679044875238197
0.480364967107935,-1.10061201540376
-0.525412619026432,-0.729968053279227
2.23133107559137,-0.985569046875563
0.782331306582632,0.955977499347681
0.528756806216106,0.267948886436582
-1.67085561824028,-1.70829596433549
-1.56693505447301,2.05923909298262
1.29682691132452,-1.4748990287779
-0.279849941169924,0.057755402338556
-1.66279704168011,2.18521926747954
0.750193658757932,0.916706581842696
-2.21972032393731,-1.6127621089728
-1.14918184821705,1.62665898408112
0.32970253437369,-1.23398278223052
-2.37754164684835,-0.06314873717439
-0.78900079492214,-0.66340978657244
-0.936737280060616,0.116649615465223
-0.0356477027518,-0.168947770121273
-0.111772526682184,0.08272577526526
0.898955198001278,-0.177245247634869
-0.017731728701234,0.064084781035531
1.90655270119881,-0.554818640250171
-1.17820724137619,1.1833975470486
0.499030810666347,0.053205846136625
-1.69070511240215,0.241004169130934
0.192827373228523,-0.104232891767676
-1.31446092616387,2.21579935154344
2.55843375743916,-0.113225632344605
2.12716208641231,-1.43318879611152
0.080011195099164,-0.459026029678552
-0.128519422808184,-2.23249635285264
1.20300119909629,-0.215143608194795
-0.09494211487193,-0.854826042113047
-0.182799658285388,1.52248993518392
0.084541816477961,0.052715274120702
-1.14858861787209,0.716143811830909
1.27719660739423,1.05474051833407
-0.228651266456144,-0.066546410509265
1.80073828674262,-0.175831452951811
-0.128330230181818,-0.230051763784734
0.226414273130195,-0.262131290098978
0.3293600126387,-0.248310120277052
2.01617542831619,0
0.478566060109898,1.85712168713759
1.66555598369022,-1.58633564963764
0.557985301029027,-0.151716544835475
-1.18733390816383,-2.72064266018048
-0.046661813154344,-0.014028045505491
-0.87722949383217,1.42081875258202
-2.58878782377307,1.31177688544358
2.54790614677788,-0.455665149936077
-1.48662402386106,-0.265912695499641
0.351114170112204,-0.105544699573033
-1.66551752091537,-0.267576546505032
0.301144818260365,2.94910526168983
0.162662724766715,0.984826386125219
2.32730331159327,0.082434250065426
0.738369260380647,0.065527420612937
1.01524168782188,2.50578091569505
-2.52062181139351,-0.29133118206529
-0.624016973216088,-0.684906199990776
-0.684832819729751,-2.31534420924634
0.620948887595246,1.91124099523178
-1.96939643466968,1.18002295245838
0.180151684831403,-0.456164782055887
-0.174815425325113,-0.704121878478693
-0.571982847088901,0.277218351247246
-0.940259324757226,-0.53001382792658
0.693037475073274,0.910834901649584
-1.56769158841203,0.266066639963767
2.63777916950699,0
-1.95049248467548,-2.25832170982018
-0.377594699236719,-0.043642052755786
1.86370356696121,1.48439287138317
0.416085463636474,-0.44072738770511
1.91211561218635,-1.69621668156154
-0.502613523674355,0.614135807473843
-0.66628487966892,-2.1142832988137
-0.214594831597184,0.252938964016609
-2.50873075626988,0.380219805745849
-0.289775637921715,-0.402592078381008
-1.22232639809081,-1.20624055817896
0.333314476183002,-0.34076279994221
-0.019089279969313,0.014128476214976
0.93269550649242,2.55877748382534
-0.262001182094564,0.946906456132041
1.19602488270881,-1.54325629663713
-0.339238683303171,0.399854369606303
0.739212093679558,-0.1593929474075
1.07780752434622,-0.632903576156943
2.04509440480202,-1.81418070261291
-2.17031752593995,-0.549112407353534
-1.17454353729358,2.45081843780796
0.017106556226023,0.038270119479044
0.25902103543003,0.936245625145619
-0.48616761118104,1.7570731784846
-0.81133830174613,0.299813944786309
1.13667177607632,-0.050304363065991
1.15517837672666,-1.02474600400469
1.19572746432531,0
-0.336425075502372,0.701989114751783
-0.137230006565258,1.14295237617262
-2.32616947932386,0.394794551380406
-0.503169483172812,-0.582580336246319
-0.621794401156362,-2.32748087033656
-1.43932496795088,-0.192232052774251
-1.0202930585465,-0.648806663553554
1.53817881338986,0.477311746132393
1.7069313111428,-0.922682208600908
1.35222461096805,0.472700437817163
0.112909537503914,-2.83318651935605
1.17834188642181,0.809223567766291
2.74931204092307,-0.64395577038215
-1.2593910043288,-0.318638732775688
1.32906673867858,-2.11062033169131
2.1756203504314,0.570990686234656
2.09481321035016,-1.85828570694455
1.56125292150789,2.5288787484226
2.59092877941044,-1.28416789627309
-1.53594956318626,-0.302888287884855
-0.183788275695238,0.071637906059198
1.24191180412392,-0.789681951174208
-1.84555965918131,1.85368982374949
1.49986239704816,-1.53337867529509
-0.694983857841778,0.913335830335983
0.645910516356186,0.583312841057204
1.27879529508426,0.396822534499345
-2.03486161947098,0.631369973833831
-1.28575953407866,-0.83363611542865
-0.019253837826921,-0.871134926352401
1.55782039113924,1.56477732677035
0.267142973611289,0.228686576246323
-0.37210214028845,-0.590955161435594
-1.93071158837807,-1.18027314175883
-0.316482831083175,-0.725184958956608
-0.299009128723842,0.229607061202876
-0.00116691539318,-0.001111479436172
0.682300394142242,-1.39194847840861
0.634460663894636,0.01123293525841
0.783982390884056,-1.88667320249414
0.150769872667106,0.391919943195994
-0.650674677836095,-0.809615019213997
-0.005243959152157,-0.027230840064999
-0.247278355042611,0.142276938760954
0.666883850696503,0.786091709251273
0.818236386174911,0.370130842445099
0.222151496410591,-0.252655943084102
-0.249966753158249,-2.25061439331061
-1.15865578901258,0.239123263655378
-2.07872980332781,-1.45480664814173
2.36042596024182,0.619492844225934
-0.23874306112478,0.456005257136343
1.76262626561539,0.267195582492149
-1.98017545380024,-2.25221760164697
1.26026887213558,-0.145622235485383
-0.849915556552705,1.55570425968414
-0.046961979576455,1.51539619655073
-0.374107213423797,0.403356338908576
-1.74373598129737,-2.16967847081
-0.069138885122629,0.039780549829757
-0.775490243944337,0.617620209093884
-0.35656624625243,0.294443138712128
-0.23541980011009,0.552686591854785
-0.191508708366998,-1.22691937623533
2.14458204062917,-0.542532282986977
-0.041507731740106,-0.550872435256558
0.439690913203115,-2.8163659232218
0.151375616514238,0.184974935963668
-2.64440357498156,1.08505511009425
0.069331990020439,-1.20372575250933
2.70757871216707,0.509077647838814
2.43977716297854,-0.391891101129209
0.758011782170578,0.625984860436719
-2.44527903212183,-1.02881797192347
0.511196673496542,-0.091421934505005
1.58773197471724,0.446886434119495
-1.83824965542352,-0.58831413549859
0.654634173203832,0.449568505818276
-0.313577361125245,-1.79932101364936
-1.55577053541269,-2.47080177286495
1.40648087221538,0.548273932914081
0.682875275309248,-0.097320506828994
0.465967625514831,-1.74398424948238
0.03328274588791,2.51232858137125
0.047438750294159,-0.367585343904841
-0.025072657556947,-0.011075384985077
0.011372824018345,0.134977901060302
-1.591074800148,-0.934365764003545
-0.442924410885629,-0.421882663777531
0.590952385223789,-0.684175555649285
-2.76394478809299,0.393990774790822
-1.20303779390569,-0.678139157463753
-0.326468900928388,-0.34582432614287
2.84744057467319,0.431642009314977
-1.87874791443421,1.88702428179546
0.490035160833284,0.034758190180824
0.370736182115563,-2.87269766079179
-0.093167305931977,-0.999884340195687
-2.26178539423319,-6.81800581780723E-05
-2.56838410861812,0.319834627076982
-0.19190666668018,-0.008498786775162
0.038486763611432,-0.154997075157495
-0.786958329968554,0.961572394412205
0.062445928312685,-0.030950698849533
-0.418811946010893,-1.25127835876873
1.17255168788876,-0.745578632612965
2.91254061552331,-0.682187873883137
-0.110300335097362,0.302572031918402
0.66655190328497,-2.11490823439087
-1.84416647189265,-1.75655674984277
-0.644152907105647,0.199865583100443
-1.94382968692398,0.757675580665718
0.261141755582186,0.049099747345064
-0.316362572347183,-1.06958695436848
-2.32193099168997,0.565578263276726
1.12299438517034,-1.27719691313246
-0.290205043437171,-1.01395194166084
-0.307881016647058,-2.3862228619401
-0.606493690666123,2.75312279512848
-0.787522870172866,1.38274570695283
0.115150968366577,-0.32478364840622
0.474669797777351,0.008403886026323
-1.40065835481552,0.998778009364102
-0.448423919083955,0.370296817481706
-0.095956910938438,0.236816685537326
0.261566067643426,-0.337504249880735
-1.4890650825082,-1.69363708775737
-0.151486917272346,1.48306601893333
0.064362783265693,-1.61502539048374
2.77618584470893,0.573036202997529
-1.67851678159032,0.688731186296416
2.10289896298415,0.434062164581861
0.05047405393715,0.078608681496366
-0.358028020542365,1.95173250918124
-0.201494550401272,0.998480263342088
-0.470608484255196,-1.59107536533143
1.40227800889267,-0.589939691376245
0.004543887998481,0.013186750803921
0.186307856387424,1.26710500359844
0.31125931244234,-0.201795018692582
0.241574828471237,-0.07730567425166
-2.38167594487931,-0.021081776266826
-0.051035370975196,0.60549306869073
-2.76797940328599,-0.940198821251696
-0.143206945690691,-2.48763165109139
-1.39940615592789,-1.62026222998433
-1.36238386207884,-1.63503398846279
-1.4917252491709,-2.32337846897692
1.12438110873542,-2.10210356422207
0.037131929722139,0.101868557361562
-0.519493533096451,0.398915524610418
2.57595098175482,0.900481434071328
-0.026769494630388,0.193891308203781
-1.35137752293251,1.9128655677724
-0.428945775126666,-0.360667349081712
0.02740480256388,0.026569487983283
-0.097507187518824,-2.44855753749254
-0.148581164703253,0.324655767806432
-0.311135696529257,-1.78531063228739
0.467128131695963,2.82818396442906
0.618356522864332,-0.21001620387366
0.467515197469478,-2.68214522533787
-2.31750103167641,-1.41672336777337
-0.522202704986115,0.543411911155069
-0.021160248682119,-0.280829552314229
-0.667743461631605,-0.759479961629243
-0.821165775637815,-1.14086483832949
-1.28681174331142,-1.9282683096397
-0.150481939977808,0.128811547576916
1.05291074308378,0.901339644737058
-2.0268183605284,0.107681428789498
2.07530549199669,-1.90768470062256
0.90769558398982,0.353837608142482
-0.15335715666231,0.554252773123679
1.65166084434767,0
-1.25875247925731,-0.477895451025292
-1.79593055651076,0.063558555653732
0.485169729699004,-0.095659971794635
0.261937001731497,-0.831102152920804
-0.479052096302417,0.955804940011806
1.21474332140585,-1.07758540982158
-0.037987273007246,-1.71872436918663
0.00256135502938,-0.001725729014456
-1.46180836226776,0.356068736639348
1.70283575065894,1.77210315918936
1.58628646369478,-0.602191639686717
1.67631523422025,-1.21786798551192
0.42905138931853,-0.915980394209038
-0.122031318651886,0.070213353076378
-0.753357927406524,0.644869414382103
1.66676254866559,0.118223454729818
-2.58568076047252,-0.114509567760444
-1.1301003626336,-0.010003259702616
-1.14985731666283,-0.226751139688071
2.9360046467013,0.418607615544637
0.487510267158885,-0.341163948647448
2.52395626446193,-1.19579446941567
0.908024163209158,-0.229710224621986
-0.622370505001335,0.969220369094056
-0.391406783849773,-0.896864804671944
0.762348257682008,-0.779383871332843
-0.621980867001939,-2.17314868240408
-1.06377295637006,2.32438631512813
0.159164972640469,0.005637703126594
-0.286580891530622,-0.126591833987247
2.52301362266453,-1.00924776728254
-0.50469968555034,0.104159869668877
0.473587205633491,1.29924961572932
2.44791242156745,0.855722683959004
0.972555003378831,1.94058817546454
-0.013849890779367,0.284267484441881
1.30293962906749,-0.034567447229937
-1.5143836829128,-1.10029204846683
-1.58202227541189,1.86470043297695
-0.743170628708846,0.427599261615631
2.30168713653646,-0.142725604518794
-0.102877003210448,0.061641842612975
0.506644293222607,-2.63047632289219
-2.53591013877398,-0.861371916440223
-0.57539929706224,-1.719112109677
1.87436916984652,1.23896934523945
0.529712145214807,2.88813163059051
-0.087142253568826,1.03387179357741
-0.274179362709483,0.990919989796355
-1.54147037759448,-0.798369855191694
2.00810904871918,-1.57046290426518
2.78117888289407,0.147843400083227
-0.616376705081434,0.265755868662857
-1.57471863913143,0.763206286762077
-1.89261720438658,0.737713725105595
-0.097341053753821,-0.50547279061819
-2.41361253393744,1.72109288016904
-1.01242324675991,0.749320968854286
0.982523497990754,-0.871585764321289
0.126610914753507,-2.19818901192124
-1.17812973299782,0.146709630595089
-0.376480400361866,-0.622065065079396
1.0443044612451,-1.79644314462766
-1.19150341419475,-0.966362157017736
-0.760495832425964,-1.20778380117351
-2.04944743029352,0.635895609832491
1.54267256325324,2.26793468968628
-1.16801502864242,-0.251890623636081
0.57391708030073,0.500138881879102
-2.28854944807112,-0.622332083161273
-2.56064938816003,1.5342898961499
0.750593832094805,-2.62221273094934
1.99738867938526,1.37170206030471
-0.533909713659464,-2.32578962549044
-0.010607319041302,-0.029920838559135
-1.69494724335491,1.47696846412407
-1.61105437541083,-1.83238561741947
-0.113679112383598,-0.136429399744834
0.528520418935095,1.62675207519538
0.424163196508442,1.38873449997354
0.032019402806061,0.028916279185426
0.009889424026575,-2.23452372974913
2.60463181227987,0.184746514369093
-1.69089541126587,0.856801587149159
-0.694867257285989,0.573803320908646
0.647247338482552,-2.18802934049343
0.40897139231946,-2.34627809565706
1.07563325038876,-2.09950379406419
-0.654945542141974,1.53759207750435
1.12543976844003,0.545499785563958
-0.6802404673768,-0.647924687222309
1.91067264779491,1.46728399489366
-0.549401386237357,-0.053662518197269
-2.57137273396053,-0.113875921891843
-0.722029999432738,-1.00313318334785
0.328506449534728,-0.276198779983216
0.671508294983235,0.234740783788272
2.00172130208818,1.94070765362166
0.165599995007568,-0.950050903862905
-2.44151703993524,-0.064847956739703
-0.089406674253673,-0.026020819124981
0.576793308943445,-0.952980688975537
-1.85033830311188,-0.538520403618742
0.288233507652808,-0.974377697923409
-0.763044339034893,-0.207496924943543
2.18522828616392,0.573512285104662
0.439431304699511,1.83941190900175
-0.5815533876986,0.544157140229001
0.712725062034969,-0.385263736197659
0.029107071969667,0.940159142112575
0.959822800415845,0.41386978009463
-1.17027013050307,1.00174350899098
1.21315929726799,-2.00438764635684
-1.69955062422318,-0.398130148903567
-0.256805497856675,0.633782665942611
-2.4058258310475,-0.72326881350683
-0.697711479007787,1.17613891137996
-1.22990669767254,-0.07630265507355
-1.12823640136695,0.019941065602216
2.31543599378105,-1.56003952195166
2.20797243323093,1.45948311779525
0.136580211568427,0.447171403318546
0.427358432213787,2.58740200608865
1.33361962882491,-0.864609626667382
-2.19316404526088,0.038763177690404
-2.11291988374247,1.97705054392389
0.360865791996572,0.89067522104238
-0.981977423078187,1.49996906792432
-2.15360270068775,-0.817632497996518
0.974877194643915,1.01453293764923
0.461046590382564,-0.090903659342825
-0.750513195566308,-2.80929693539726
-0.071571914171443,0.258670236007588
0.085460153837585,0.116542115604752
-0.980082654833922,-1.75694957516965
0.709220199588534,-1.70675612206336
1.08561234684484,-0.08663342220839
-0.867059669458242,2.8384965351034
2.44249675396775,1.05318981171162
1.20495666862904,1.52677301595702
1.16901335393273,-0.818085769092743
0.965254571228561,0.714455233265152
0.470584640646418,-0.417450447276252
0.76859929081375,2.36569950096575
-0.64037177269186,-1.91322942998109
-1.14366992630459,1.07012729979376
0.825624378813936,-1.23710511586497
-2.49236812618568,1.55398894138375
0.07765148718435,-0.019644125438587
-0.358049125099085,-1.69692845849118
1.48520186007376,0.052606594473988
-2.87335469255077,0.101688939740641
1.74539210758559,1.75318670355607
1.45450017915348,0.479732567354967
-0.193589549993577,-1.24025049277982
1.45882774240479,0.181708928604742
0.328376307758168,-2.95577484372777
-0.456882147421054,1.77275402980692
-1.49257267583599,-1.4729303894894
-1.05000045657576,-0.851596977396756
1.40038439135756,-0.980001244618077
-0.831031197758026,1.17631893157911
-0.254124462559745,2.1165353379775
1.81452454800887,0.258710010981287
-0.487675043034343,-0.703476290887263
-2.41532805061729,0.128322291010833
0.0742023212387,-0.42570038941324
-1.03368126317063,-0.95024913171951
-1.53835271903006,-2.30519873056197
-2.09900120819634,-0.610890979197212
-0.129087291366605,-0.61179286023647
-1.35487862032111,1.1597671580269
-0.444645954186587,1.04387930363752
-1.022745433928,0.637680717176865
0.971934009053016,0.746388041521487
-2.14926512904669,2.0110586421725
-0.975752072839412,-0.596491972970095
-0.645459036284791,-2.81171496203142
1.63005915682449,-2.10329993466605
-1.84149626491714,-0.736693787121244
0.050211797894344,-0.175415797535854
-0.700026253997103,2.1544150820725
0.075351456629731,1.13390425880036
0.642429844442982,-0.705073036380663
0.015310320328496,0.181709916478775
-0.387078512763777,-1.44889988089401
-1.3106460392491,0.069632405592994
1.65485700955989,-1.98591725139331
-0.768869177977849,-0.538095903509325
0.115060456397074,0.004075499049922
2.7397687503785,-0.365831477307925
0.196565569446213,0.605016261534177
-0.699134266914294,0.677783357681869
0.005419988651053,-1.22465102347749
-0.581434706746657,-0.275492323016425
-0.767869342250436,0.238251899728935
-0.685211664213087,-0.652659720360948
-0.126558112506832,-0.320487971609036
-1.92866929077863,2.00700198463349
-1.13046098383486,-0.361793173444911
-0.059046771561029,0.247130435681657
-0.831729414517278,-0.582088869730775
1.16539651585545,0.502511921503821
-0.482686157378052,0.683238928293882
0.102677203117355,-0.289601356459633
0.621587862390365,-0.111164191378374
-0.419216217008548,-0.46012175708305
-0.735629394622865,1.91206567098748
-0.391838328317581,0.353842322753839
-0.141308073418396,-0.398597990254782
-0.443465562397833,1.85605130895115
-1.11180877599642,-0.02953021675841
2.54553936533433,0
1.76858409928801,0.497789459528907
1.52736221503371,0.878862101090773
0.011234930516105,0.362888532612387
-0.341641614845618,0.681643490767466
-2.21744408386451,0.731297499539696
0.021836227248488,-0.139868267611796
-0.3214797789922,-0.430361832962711
2.55249732932265,-1.43871324827503
-2.08888332150914,-1.17748052709917
2.73500663657135,0.564536348018953
0.107760520507146,0.007643452888978
0.1417559360758,-0.341139200316856
-1.90884737657735,-0.843198194101691
0.561784795499579,1.8393154651156
0.119542602982115,-0.040600984628068
-2.14162201244163,1.527142549104
0.975380021269724,-0.596224142990052
0.244402499877893,2.03608224087354
0.546653674219486,2.12134223123413
1.26945489955087,-1.20907467685532
0.641930612793271,-0.828296697267408
-1.63611292194954,1.64332041981688
2.14084840934798,-1.67427312410178
2.16373033205187,-1.98896753593466
-1.41887611948184,2.5971422761046
0.144875163494369,0.606431763509302
0.948623741227437,-1.13839941572103
2.66589191619286,1.23436429532185
0.037182618878394,-0.288114371962704
0.752217993019823,0.053354816446968
-0.168461626449949,0.91834162140113
1.52258420227991,0.688743965686947
0.018359177668253,0.217895156282788
0.549355712487929,-0.26027254591712
-1.14198089891908,2.55458836609384
-0.352767818679675,-2.26004172729802
0.408530073283942,-1.935887629634
1.0382669112283,1.58605550672779
-0.149416733380735,2.2474298378402
-2.70954448505649,0.711031557993355
2.72572231323126,-0.024044984829399
-0.769371610298682,-0.020434908331718
-0.545919366125241,2.47815117339595
-2.08324555652762,-0.987072410920782
-2.04761385437516,-0.655319135253215
-0.464665130943368,-0.148711609438221
-1.81755163342198,0.511512837469081
-2.37008477694777,1.09731257819454
2.36399050564358,-1.12000624266062
1.27238650782996,-2.10224312951221
-1.98661644940522,1.05125125418763
-2.3853182132108,0.581018185819642
-0.43675005628472,0.251293571575063
1.56818987382937,1.91626516984772
-1.9017524773644,-0.760799389826526
2.19169038164771,0.155456581877213
-0.009623406524107,-0.167167105933492
-0.28726325129493,-2.2264254714379
-1.00700344499519,2.61742765013973
1.40308415947019,-0.037224316890536
1.03236181157051,0.792793032759957
0.864810316966214,1.13658993680852
0.867772236442546,-1.85260408195577
0.621784024117413,-0.418930885736689
-0.287374808233298,-0.315415760032521
0.571310637623963,-1.30898669834853
2.39837517057042,0.042462511152416
1.31979733067456,1.32569129966343
-1.55665582095419,0.110366425020049
0.232777751737829,-0.369661990090681
-1.64925841434758,2.01520373073889
-1.16595050185783,1.58990761119935
-0.962880685027794,0.181010312177634
-0.660388892980354,0.124145391569014
-0.986517497120712,0.591101552288269
-2.78122358469113,0.296444703741498
0.649421789428161,1.78163810238946
1.53350045712544,-0.387942027026281
-0.733103069067077,-0.144567464163492
-2.76424975861718,0.570485583472933
2.58458266655037,1.0606003462378
-0.584582459588008,0.416852620261834
-0.055565837321585,-0.318839275816907
1.9428711281746,-0.418932479866771
0.174056642326591,1.26097190257447
0.403446997902767,-1.5099873281239
0.963744859679607,1.76418633114279
0.134827517305601,-0.137840404750643
1.56570488098048,-0.280009195099216
-0.049113653855271,-0.081151338163688
-1.60834181854103,1.32812687165552
0.628124252716383,-0.528108816505273
-1.18687361980136,1.68001142692441
-0.04160344790076,0.061158660064814
0.147319813054101,-1.58054072713229
1.09679439900608,0.116938419010857
1.31065838300653,-0.801170983739781
0.273330633970246,0.359228887418801
0.55130388090261,-0.400530480862735
1.47507539711459,-0.263801103052103
-0.085387514554934,0.019204196919706
-0.272674102514349,0.345477699191722
-1.55652447546048,-1.80217716418616
1.76989358169351,-0.172819649768315
-2.36920400392227,-1.28076618977993
-2.08552289434029,-2.13225505844901
1.13080831787157,0.350900745768828
0.462705370733881,1.01111022635969
-0.966860954764599,0.034217517809942
0.156319962878843,-2.71399053875559
-2.72964920810557,-1.20577229539046
2.19215999281024,1.44903099914657
1.53904495472555,0.849680050113564
-0.212109524459127,-0.028328730625577
0.016612286097306,-0.006306414404231
-1.23827083581113,-2.13025757945754
-0.040856843656354,0.066174439011014
1.3134512973818,-1.52064919894377
-1.13619939405237,0.040210459228957
-1.16406780805278,-1.10876712958092
-2.30395691731445,1.76919273060451
0.485769117749883,-1.23002326586751
-0.506944801025095,-0.805105948857181
0.942539046025728,1.385658272393
-0.063584699145704,-0.843868276945742
0.271692579027519,2.26343198376221
-1.94405787894426,1.6641007153605
0.009681397398172,0.037569595022712
-0.718560707265424,2.08512043347471
-0.190536431948297,-0.103001944769923
-0.694743854361565,-0.486219024936654
1.32397535210813,-0.892036696728421
-0.25063705488064,0.260816651653668
-2.28218609696949,-1.784918630398
0.059996299646618,1.93788195750079
0.434571775032251,-1.29823374946921
1.63013154845605,2.39651107795621
0.39740554666192,0.643707645067499
-0.383002791159859,0.027154781592699
0.151078266659389,-0.109760610960914
-0.999438184451904,1.754830127806
-0.00791805427459,-0.358250323356568
1.2894293050879,1.16446574602367
0.952257614751187,-2.29163173116187
0.714358311569896,1.25437008752524
0.229833594013806,0.151921394179052
0.868025239198202,1.32599449690667
-0.928617429911827,-1.53437061110413
-1.32494852421909,-2.3751749255708
-2.30926879387967,-0.830266637546516
1.02485280123286,1.59611366927427
1.69960873708428,1.96796308647248
-0.537977188576266,-0.09622807248876
0.493659361712778,-1.98810578000559
-1.20516113476305,0.796566590169677
-0.133690965074877,2.74399234909919
1.0704359721315,-0.628574898120153
-0.221549959830316,-0.591480563610167
-0.718334150596651,-2.68884536578954
-2.29366084443858,-0.265099239420507
0.95361554694155,0.7875192828179
0.662034705205549,-0.313657352226268
0.505556612752015,1.96186112613583
-0.680764938253272,-1.22037632556323
-1.06588248511806,-0.677797083021227
1.501172832268,-2.4802449990043
-2.32337344409818,-0.929469591678281
-2.45886325408913,1.62521696186991
0.060798672921411,1.96379863405517
-0.065456679166988,1.34349113817123
0.489695033596776,-0.069789272777079
-0.055950600805457,-0.072198742827357
0.044603021445027,0.916040215153191
1.88972330525977,-0.117180087960309
0.312326540163962,2.60194769733958
-0.45748031388151,1.32751699437749
2.47408311451001,0.219565322630421
-0.910257004947019,-2.430148607242
-0.272142484348252,0.273341341926624
-1.46011302155636,1.46654519463424
-1.62545987729829,-0.21709168941888
0.10768278425654,0.026232918471818
-2.07146751899893,-0.332795133026549
0.49141762807581,-0.065617230224008
1.1824584301662,0.737311106850842
-2.41260509840026,-1.01507085767409
1.09450376772244,1.67196287308898
-1.8380536299636,1.21488493972797
-1.5404459773849,0.850392942309946
-0.039516899784739,0.031472266863933
-2.16979098318733,0.076789595489602
0.830271877055698,0.895239816060233
2.04868292831878,-0.655593201095473
0.166068953372814,-2.20310802363007
-1.66628728201094,-0.533279230552993
-0.751693064962755,-2.62635216026831
-0.736555668782301,-1.68773481520953
-1.03807584196923,-0.415284048036773
0.412499662018539,0.583927778176982
0.43470432625433,-0.205953263329153
0.29659663007465,0.66353439699168
0.131785309550925,0.954732725476731
0.277579283936748,2.31247327969385
0.735139041377278,-2.48514856105362
-0.355667898052017,-2.04083840921758
-0.785682909443825,-2.21623309345231
0.012930896364959,-2.92174697907404
-0.757360439668385,0.184478610120268
0.620181733602802,-2.16661577516147
-1.15088786310142,0.425287736940945
-0.15487216575427,1.51620780490129
-0.976680962116997,2.13408683591425
-1.81704195999036,-2.2608909051795
-0.736623836459026,1.24173384439871
1.56302788554202,0.351584445932406
1.44332500853383,-1.79577522874005
-0.742619767567949,-0.602297594687107
-0.157121216998407,0.079615632760077
-0.481883171724896,-1.80376964128495
-0.081273034718194,2.62256507934419
1.24156944394647,-0.615371458134983
0.159401399639293,-2.11465475870626
2.45073216086671,-0.574021098063998
1.09150720438556,-0.707643780948323
0.25998750246077,-0.776683092475878
1.75889365983097,1.25430754059202
1.97738856843527,-1.60365108693083
2.60616859399807,-0.659303570748881
-0.101316715913942,-0.649095505636898
0.069215170776831,-0.918223996709571
-2.24884607854,-0.361292186819146
-0.034538874313139,0.048889538490957
-1.90211923954356,-2.28278511903186
0.450547384634623,0.031957322519416
0.852429788395643,-0.00751971733533
2.2721204722918,-0.140892201550625
-2.30982617206658,-0.694408220793868
-0.427714479645058,-0.346895428257631
1.79414377964841,-1.45504058649439
-1.67347550516079,0.11864890515747
-1.87001541116802,-1.98088337849312
-0.521952249970217,0.879859898457309
-2.40933231765033,1.1677118223126
-0.359512795945459,0.125663598795886
0.31369207854009,-0.044706073240003
0.805577648067265,0.347360204310942
0.171096485073774,1.03588780598376
0.048178794375292,0.070829261940436
-1.40119266145439,0.23780865198919
0.464519465263225,-0.220079014568863
-1.69214291540138,-2.10548276370855
0.007130704060737,0.002926130896727
-2.28770109553689,-0.822512260736795
0.316487935515963,-1.81569841946496
-0.696541890302336,-1.4211106834172
0.214277423355634,0.186731628326632
2.11884649977333,-1.59743444564559
0.036738360441354,0.020282612177801
-0.393781033595801,-0.508135661915921
-0.302443641661993,0.249750098531309
-1.17576938808258,-1.86730177904042
2.49175410278736,-1.58440658604057
0.528038037397436,0.822370518354381
-0.181064929074117,-0.282010616855519
-0.374904535964756,-1.63313957020883
1.24364750389712,-2.32507984193924
-0.214954903192373,-0.257973235362591
0.101303996575424,1.20232237874374
-0.938879884193964,-0.529236252470447
-0.005200803472481,-0.130600285656913
0.375104240786504,-0.094893156921288
-0.423301385100124,0.325050233251279
1.42999611483156,0.856883652962151
-0.344255443741708,-0.25012256250798
-2.12606823608036,-0.578148082147878
0.038079973690208,1.22998408886903
1.8728547584773,-1.46468585714562
-1.73255276130492,0.215750582026961
-0.232592172465082,1.68466387654626
-2.33036966060448,-0.791556037367908
-1.63344750232055,0.570952950494961
-2.1042769816409,-1.70666203614327
-0.090965060473984,0.003219282526109
0.253304789277741,-0.67619561528634
-0.794429867921931,-2.52091838353098
0.796850656017155,1.24102136707744
0.948090144882313,-1.77251614890828
-1.63566024266737,0.792742366280162
0.088708182219011,-0.132919217089823
2.31543815174542,-0.456530436112744
1.05661780297877,0.559167717743982
-0.92374251832754,0.304643800845761
0.412687467198197,-2.64339990810955
0.298006505140503,-1.41215333846669
-1.22218140366913,-1.08424948608832
-0.140175942448671,0.227038202764798
2.84109498721652,0.353881620965342
0.18355846264866,0.25984235898646
-0.008146317368308,-1.85329057599695
-0.772155798123758,-0.247121042293215
2.77423407323826,0.915015655187338
-0.194522349792774,0.246459539897957
-2.26568803601416,0.883131125037467
0.553321399409881,2.74233916866267
1.01521455696461,-1.41037168384404
-0.456211506257374,0.119717827058268
1.95761773198991,-0.422112223091306
-0.239654231891577,-1.3751467704975
-0.677402611730469,-0.320963329085091
0.194139930142365,-2.57550390435377
0.108671501875146,0.05031720191614
-0.138414296968835,1.0025340218014
1.46447716475226,1.99710928860997
1.58485817588414,1.26229955242916
-0.781557321736629,-0.506731151827868
-2.08907699024692,-1.57508947553826
1.07226091342802,-0.985655243293435
0.24767415938035,-0.528758744972108
-1.49892729577446,1.89913874704173
-0.534862120364513,-0.155665677165447
1.23019724963229,-0.860902794408217
-2.08429554053525,-0.987569908799799
-1.29786776311181,-2.02144330403282
-0.853449510636851,2.00361270009336
-0.51782529695176,-1.56095087368879E-05
-0.151053632749178,0.914368783441134
0.031052589209056,-0.018981630733722
-2.20276583024603,-1.7865408640563
1.50066411765709,-1.80087750336491
-0.11179644503983,1.68156979919206
-0.239862132695002,-0.512121063080158
2.43605756617678,-1.4890978931242
-1.52638879640659,0.80771410962634
0.030489268533693,0.071584543446658
-0.526076173893517,0.098896170570637
-0.073018074481572,0.398046358236474
0.00702635304063,-1.58761041701645
1.33437082618717,-1.66021517083979
-1.39562568243518,2.35261955725241
-1.45082778504108,-1.53684329406077
-1.93984388240604,-1.78327210776138
0.2192296247966,-0.427909260768366
-1.73351061021873,1.03868488455516
-1.09054839185345,-0.175203904386659
-0.698003175280705,-0.018539325744775
-0.014825160330451,-0.670760555309811
-0.049504439268589,0.412309362283831
1.14932969196227,2.51153126482781
-0.150548307640814,-0.24875356778244
0.119726679315798,-1.58832101055681
-0.661730060237801,0.271521937936046
-1.1857033389546,2.47410463095848
-2.64462238553329,0.497158091382342
-0.600536497638568,-0.69531393779361
-0.198934434972126,0.109820429905568
-0.195301161912071,0.080136226461392
-0.805171894955686,-0.714302484637385
-0.832157946410549,-2.3473286202953
0.87482274034854,1.67105604232376
1.29739391757896,0.068967562353478
-0.48481611733462,-1.03511355718457
0.98233905624518,2.19765057061831
1.31606476198425,0.974115414256722
0.100343731640944,-1.07655142429961
0.054709109225651,0.649312846153728
-0.042198480664671,0.634722245704859
-0.341043592305515,1.54813628329351
-0.523425662686492,0.564349072715818
1.25064105682499,-0.363944290736037
-0.485317389956046,1.060437843388
-1.90686097606776,-2.28847580621423
0.696292068220799,2.27969994840632
-0.343762253558649,-0.917755487920192
0.032164004510126,-0.426694905755522
-0.340576739200777,1.42542726243269
-0.831412739204822,-0.626855525891922
-0.971384836251627,-2.92817677653218E-05
-1.63804105843779,0.830019508796402
0.255840593330366,-0.126804827338047
2.44789014435407,1.68108290042152
1.66033847238547,-1.34652522949548
0.455799071046052,-0.137012915211738
-0.952992654248947,-0.84544061340922
-0.908411424156475,-0.17913816153378
-1.23581441843544,1.51002281077777
-1.41390642341154,-0.797003481987082
-2.31212351318533,-1.74325859160045
-0.011883643983764,-2.7035339292442
-0.345327052416399,-1.98150217147292
-1.23115136241595,-2.20702902198874
2.25267278826446,-0.765089022380369
0.720143918738511,0.089699815894292
-0.229547278619786,1.66260972650878
1.90456395667121,-0.084288075744704
1.62958527572091,0.754532420580915
1.21024478195348,-0.260959587281502
2.51972604277588,0.613837841469463
0.230401011354937,-0.244046102864565
-1.19632761864886,-1.86329341315102
-0.349216320860636,-2.23728870720828
1.28298830181131,-2.5042353482651
-2.31383867997519,1.17245610828506
-2.234083270346,-0.019775336677584
-0.032975070868692,0.038867106918761
-0.150407971977413,0.177283098239843
2.17558838248541,-0.825904504209613
0.79165698019552,0.341357696610194
0.197655356095788,1.19668602822974
-0.886465979185501,-2.81297125591347
0.542919440480532,2.46488693955987
0.368378552612008,-2.11339605932207
1.78112718840192,-1.75758154402979
-0.725638293325935,-1.15242469297236
-0.014870015305859,-0.011629975044093
-0.431415195464222,2.35179095945276
-0.246887712582267,1.49447857222513
1.61627258416733,0.363561204657044
-0.465043895566373,-2.41488073723119
2.48810989430793,0.55967058982178
1.18096525567428,0.309943856529486
-1.41968485430691,-0.510428657540911
2.09057392342726,-1.63495543106123
-1.20604897441572,-1.87843453159126
0.037826229893347,0.171733360578096
2.30019702951456,0.432481939708368
0.513310886617594,2.33046232280381
1.19520855689001,0.246704583749584
2.19683861318002,0.576559410761956
-1.57337433152726,-0.398079707935371
0.124959422774273,-0.073377911883031
-0.153757239066265,2.31271691625677
-0.94558544103505,0.266115736752221
1.94254072401814,-1.14068694390247
-0.882798726891437,-0.38996008869228
-0.680321308100232,-2.15882428587926
-0.038421843883843,-0.964832417384446
0.190118746927921,1.37733553183767
-2.53578587280515,0.665434278647983
-2.91507290634092,0.051522588696977
0.59297179125511,-1.88144526766249
-2.60227537351387,0.489197348182674
-0.521409222455875,-2.70757470322213
1.75426446360667,-0.738020727480183
0.684520349729214,0.545203188676362
-1.06262885034568,-1.37121793122114
0.087509833947007,-0.27766070052849
-0.291919528973961,-1.09270382316243
-0.332743467616921,0.109736460832124
0.250740532177255,0.065806751856474
-1.05194543691936,-0.246424665126147
2.07966970591777,0.110552198660815
-1.68938334592273,-0.641387905373355
-0.596625381341943,-0.716026374083109
0.958523637407596,-0.850295752557954
-0.470063793624047,-0.732129524360288
-0.857424185789456,1.71073308892444
-0.030943991777683,0.998518543488046
-0.434191322888725,-0.126366560134736
0.860707200965467,0.417184114802351
2.14864293845576,0.708679179258966
-0.802097247900544,1.22520236518945
0.01304570354884,0.017145511658805
1.59772490625702,1.36772543052937
-1.94994656076077,-5.87798781863981E-05
0.518408799120054,0.191585430018432
-0.903047753347855,0.315650045979023
0.028787901187742,-0.381906761029575
2.68469076455778,0.406970851757314
2.9373828953465,0.552285319885721
-1.94848208761609,1.55182083045717
1.08921246648685,2.17336071038608
0.81099985712902,-2.28742750661694
-1.53488847992377,1.65489190178662
-0.934348758832808,-2.79154019508198
-1.41080097092777,-0.451513292072789
0.354432789340525,0.50172926246757
1.11899235692687,-1.02861222487739
1.33771051117965,0.605115987037938
0.327816158211097,1.78734096263585
-0.156061474206516,0.057669416210629
-0.410944704460534,0.115652005674107
0.236273102212341,0.077929108257118
0.574429931862424,1.09725612316375
2.80543661725238,-0.374599871628363
-1.00963308529964,-1.40270688429241
-0.913220126508806,-2.57598662469089
-1.57640542180703,-0.852187807505686
0.470698546764424,-2.05014903912015
-0.555734720723584,0.029525245044577
1.90737489359829,0.629102607018491
-0.267227233822747,0.659502970451098
-0.054683078413662,1.12236416805161
-0.368870043973623,0.412107120697885
-1.80230600411331,-0.388679916119588
-1.07298405594792,2.34451293489024
-0.050830771862326,-0.882975587002872
-2.28837146751239,-0.666005089037965
-0.675295370861412,0.305446670989181
1.01303902977484,0.017935551379735
1.17287071208848,-0.716945005950363
0.99385683200023,2.58348903698094
2.57179686747821,-0.413096868669048
2.62257817528426,0.27961498146602
-1.02413677828896,0.58925920007172
-0.719698676142221,2.60108491671912
-0.011531697788278,0.035490188396664
2.87774449161776,-0.025386049895085
2.31169461250767,1.38521587824861
0.561357333103173,0.525291512162122
-0.896396512723346,2.32993544317231
-0.396108207237597,-0.530266179268718
-0.274778501486269,-0.354574608274071
-0.704748871463181,2.16894950594258
0.068605577143844,0.814242512586952
-2.06220743914915,-1.82947257206861
-0.376226705753939,0.046850596734129
-1.20128996373961,-1.31850731545252
1.18960463361402,-1.59241195723131
0.79413566939381,-0.783637577973652
0.959231266263082,-1.33259773208953
0.72165832764736,1.57697783767793
0.727568303023532,-0.321363694877834
-1.14302123856909,-0.480910676075152
-1.66874762382412,-0.501679339522306
-0.804935240010373,-2.72139724190173
1.23575143456967,-0.198493533657102
0.433717978880632,-1.62328299750318
0.941895526964992,1.46691536951318
0.497231707440434,0.838245827423108
-0.119558133166298,2.45391752911023
-0.036956374232739,-0.039147413978412
-0.842360962505273,0.059723136454895
0.03340988997974,-0.046414191428317
-0.583024790775013,0.180898958127577
-0.858746866453081,1.71337210192972
1.34314642120861,1.44824627726622
0.879384155321084,-0.965132709665563
0.479762758932524,-2.27343554590907
-0.387563588666889,-1.56102930604987
1.36730722189884,0.662732753241615
2.17679020551569,-0.429193490269176
-2.43315509594906,0.547232108140715
1.24645181533786,1.44325638491342
1.36243023978065,-2.16360313662738
-1.65661389217179,0.992609909163363
0.291653576526399,1.98357553621085
-0.480141815264376,0.148976776818272
-1.50811932818803,1.07540601554442
1.52641407534879,1.70543604371775
-0.063375238628515,-0.841088408705375
-1.00260053617299,2.47436618761896
0.495994757373922,-2.57518437097545
0.830215922837825,-0.848768123312763
-0.244629682312696,-1.15939138126142
-0.031267502854872,0.189270711510292
1.64303690143287,-1.90222717277708
-1.93479519025851,-0.085684421808128
1.20066250470927,-0.705045730172455
-0.548022269411286,0.236284293441533
-0.004768190842212,0.003151596422171
-0.172975113817988,-0.089588563346992
-1.57752118658842,1.08328905065784
-0.057215254068498,-2.58868941284561
-1.68611669967937,-1.07220542286091
0.284699597221662,-0.51033185264388
-0.001944925686306,-0.000699271957481
0.583475953016234,-2.18378448693245
-0.90505945422878,1.28110541828775
-0.639952315406222,0.249443788946898
-1.28322158125147,0.113841973684397
0.407309682216044,1.25367317336038
1.93663535761083,-0.917534856888483
-0.128318266589702,0.225303339078383
0.503691661538531,1.46175619314164
2.38111507550618,0.879975333054831
0.959507628671483,0.297744486974973
0.157916751215995,-1.69423142494512
0.558480396458797,0.68244065953788
0.239283835113744,-0.187134452123567
-1.19654301252174,-2.55469620280975
-1.18951455254049,-0.300959279792334
0.206006883319929,0.744623087997301
0.013142212697497,-2.96949408328042
2.32195902640681,0.858113364037073
1.68576180520579,1.6932901033555
0.444090591030116,-1.9342568714969
-1.02958768152052,0.734175847721482
2.384674569291,-0.953909825588125
0.907458548731079,-1.2147295016001
1.04669063554181,-0.614631306054601
-2.47874930639196,-1.57624229018761
-0.291333622211636,-0.079223221573254
0.048849491165031,0.176569143575229
-0.187549660576175,1.83612244193301
0.01153556941925,0.003579598635869
0.900185019197985,1.18308167006544
-0.492910858240986,-2.55958834872689
-1.38348952965605,0.048962136062677
-1.7251526293652,1.67246807513183
-1.79870635768905,0.871764622653094
0.913069977389962,0.727237200989842
-1.34158141729088,-0.853114657545498
-0.438805548951125,0.252476243645861
2.06133202222179,0.888833887223074
1.5873667521917,2.24705042477746
-0.26826103327202,0.417764106094492
-2.97011993252544,0.369861812259963
0.351489572601786,0.006223017182508
0.036886692664259,-0.925580625962488
-0.838023329900136,1.18621624642488
-0.147999374809606,0.154010353349629
0.24322518595237,-1.88466207626107
-2.27992095702414,-0.14144489391592
1.74363162085653,0.575095751780269
1.10613261726273,1.19268638163217
-0.036975527610969,-0.148930095332017
-0.206410505245547,0.022000856534317
-0.025914459374565,0.100551011996951
0.281668431010811,0.162075313015152
1.23037718887447,0.405810886855488
-1.33692111101139,-2.39663763708259
0.451831626835713,0.827101874563122
-1.54333054201589,2.4996799480026
0.847176354038611,-1.65358403424465
0.92210414004394,-0.909914367018789
0.842391805425963,0.695667968699122
0.194641265538453,-0.548986267755359
0.669123614614592,-0.542655514953686
-0.188005410156083,0.420564331681929
-1.4534697073957,-1.22211033826403
0.104621632205259,0.208756832929729
-0.183425084834598,0.43062047011552
0.160105094440102,-0.206587002235911
1.22373222543063,-0.439934860074676
-0.658972390291097,0.123879105623133
-0.172577977032043,-0.336876006208629
0.460397301514186,0.223154216061093
-0.786498374447233,-1.80217293127999
-0.006223813787715,-0.281594849521974
-1.80635804165813,-1.72054446226373
-0.68674761774149,-0.702136181665032
1.29750758013173,0.161615182786158
-1.95470978475478,-1.05669507522412
0.554894564188795,-0.916799477195856
0.564978757108138,-1.29447909631049
0.036739119360237,0.754534327786936
-0.848499785591519,1.43032420156097
-1.01357083168661,-0.294988528561557
1.52312878895244,0.593745587267206
2.07582600316113,-1.97709162796402
-0.212334678426688,-0.855241992300845
-1.23567182085664,0.232291856634251
-1.63199844370167,2.3991001486882
-0.212985606911329,-0.568615976790296
-0.509821280921254,-0.214500386005312
0.155094883678252,1.05482134222277
0.175956778725441,1.19670592031522
1.12482241310669,1.65363916568375
-0.004324305076619,0.003443986854074
0.095354355220931,0.050462028025197
0.027518463251785,0.010169844000504
-1.29512271407912,2.27399792526266
-0.651074041811154,1.78600360176819
-1.88054274744592,0.234179415109097
0.146063689066584,-0.134266239849212
-0.239273222012619,-0.320312719907471
1.07520384817573,1.67453077872756
-0.660604642231264,-0.130270819986523
1.544054918076,-0.304438304516962
-1.43628533377663,2.62900848755038
0.119534644110911,-0.23331692167592
-0.006145368757701,0.013427875710019
-0.085658152325627,0.518512127833779
0.266600724276165,-0.845899718067679
-1.98442920107346,-2.17806233098615
2.38940712848958,1.57941254749598
-0.348556217029409,0.375807668390343
0.930378795242974,-2.77940082897766
-0.734379118291916,0.178880796973183
-0.100185857566636,-0.013380531490676
1.74611001396847,-2.25304281928894
0.599536537078989,-0.191855983219356
-0.440312895362727,-2.08680717366615
2.54963417991473,-0.64500160227256
0.470850373454647,-0.26539446778744
0.62722121520006,0.700783414580479
1.42544195265261,0.347256089154977
-1.63343401447939,-1.6700358214567
1.34244787634752,0.377848247692481
0.103116032234856,0.242102039325934
-1.14578399998217,1.07210542993789
-0.551308415851238,0.039087599276551
-1.50680235493358,-0.541750587022857
-1.10236363376388,1.18855061732597
-1.30954597663934,2.29932252870056
1.30680838007662,-1.28953300211363
0.76645377998519,-0.102341819389497
-0.504817042596395,1.6526214708687
1.56081925782685,-0.069075365711236
1.80803534517586,-0.760642188472078
-0.08850091407093,-1.53733936529082
0.939401978434788,1.19029474598677
1.28049360780891,-1.30910781944405
-0.978553173001316,1.33436979978056
-0.420934661868762,-1.83365360197983
1.46750311393289,0.542336888597279
-1.45268041467388,1.11550333698441
-1.44607145080295,1.45244176715328
-1.30306243009897,-1.33226130750883
-1.64920164278012,-1.90948076089671
0.988102758408946,0.052526096876868
-2.71973529458747,-0.363239928662847
1.77469872211101,1.78262419596188
0.011428194682354,-2.58221026192126
-1.94749197998695,-0.155471732880618
0.071567436510127,-0.410583996337017
0.558124974997936,-0.211877363601322
1.11852293198845,1.525331081127
-0.148764087321368,-0.519769172176912
-0.991032976750725,-1.85293486382266
-1.69372259451193,-1.92641103208612
0.73794242569904,1.08487391692813
2.39337577232144,1.16006738626714
-0.446916346643703,0.34318400041612
0.184017785007797,1.11411861845979
0.954089586977029,-1.27715009141857
-0.64606789794991,2.70400966690059
0.857772492646987,-0.54542315598238
-0.347159133675093,0.142446786706026
-2.91027325996267,-0.520561079853456
0.389912505575047,-0.045053823006299
-0.172119063723592,0.93827955591376
1.98696412774638,-1.21457889067215
-1.95250623836758,-2.14302444577183
-0.376331333867734,-2.91674505404482
-2.37721429070372,-1.60176722833817
-1.85379404416365,1.67403427150817
2.11995797941941,0.112693864331657
0.192126734067401,0.013627547766531
1.09846085211463,-1.20557152667351
1.49953385634247,0.1063619248723
-0.544576655103476,0.474541345778977
-2.68833843482254,0.834128547616746
0.031402092727395,0.64492446579469
0.654245334334141,-0.384181964247505
-1.00508816616571,1.83973564127269
0.92482323135388,1.35961365890379
-1.90462646869765,-2.28579411304442
2.25318318225371,-0.321114172974258
1.03938250077149,0.272785519430413
-0.959488864284537,1.13093180069295
2.16958016699428,-1.92461064999772
-0.404560567112987,0.288483052629589
-1.98928781115071,1.79638940056157
0.840636458569398,-0.633770136405792
0.905809272875022,-0.448955292641145
-0.834424046835474,0.308344823075515
-0.805566113570767,0.727451512927644
-1.71753443276836,-1.34329939677978
-0.022591717068672,0.221174267040288
1.16399176168447,-1.34761231231868
-0.026765351510465,-0.355218022015429
-0.716847135477905,0.412453471626257
0.450975548313277,0.899854315118352
-1.8497278381295,-0.916868531860915
0.404311388378963,-0.025070995273083
1.88572077945777,-1.73341259611689
1.02527910924246,0.496951991495911
0.252418974566797,0.02240120926567
-0.391941232859015,2.66508729084465
2.31579800584692,-0.143600607172566
1.9282143631541,-1.2260742473994
-2.65578937594729,-1.37550627654843
0.247295057542536,-2.22594777026588
-0.024367442586632,0.120749719743882
-0.37882050398054,-1.01135186561581
0.421266455485689,0.656083631911403
0.159284659304586,0.666748354322394
0.111865546911517,1.6833758195187
-0.58437419602051,-0.92807568126427
-1.09043468093257,0.552539299048701
0.30632270797664,-0.089141804582945
-1.95587558171304,-0.494856414474791
-2.33933769572633,-0.79460220745158
-0.613810428354042,0.638740272261996
0.510135566249703,-2.9266592416624
1.24847123032978,1.5255818024101
2.74843470708561,-0.695293781271405
-0.726950885609388,1.99414631306024
-0.337415476111473,-2.61512883073459
2.62969969415319,-0.841522724956008
-0.337212415824597,2.80855289297355
2.84282912428074,-0.27758546541497
1.12998007375763,0.275277755439933
2.46797769223623,1.0641770380134
0.369598942593687,-0.249019605493883
0.186544652553777,0.484914978961467
0.915802623855424,-2.73585617485934
-0.972485202424769,1.32609542399118
1.37345803124202,0.621286448214643
-1.27840232553622,1.50682920651384
-1.21559659390585,-0.284760951536593
-1.68443971356034,-1.84880099876492
1.7920221954951,1.4273004674722
-0.700416566057104,0.217322880707349
-0.835491593910042,1.86897793806535
-1.77026796995358,0.220447165241597
-2.25634352541377,1.14332246740261
0.284193562740247,-0.252104976728485
-1.15589905652927,1.69921583509479
0.909529836847367,-0.162659464518542
1.01017973786791,-0.849330086389635
-1.50938168920038,-1.13801991230044
-0.542230690923217,0.639117299327952
1.93991906566758,-0.418295940032061
0.554942429806028,0.084123429154655
-0.23974098110806,-0.212684495755179
-1.12046286165644,-1.34469800517393
-1.20543258623496,0.204584498821764
-1.32698841869432,-4.00012078152447E-05
-0.146948370219141,-0.110793825435946
1.14196634508644,2.68117745606543
0.406431514988552,2.46070192594904
-0.06218327024507,0.241278070364018
-0.759415299319487,-0.638533629983354
2.09554943536491,-0.795519837941313
0.787920937846319,-1.80528412927957
-0.210892589265051,-0.563028165995772
0.361721792202055,-0.282888350450874
-0.280506622424858,-0.547555095399065
0.094258430645149,-1.25045350519503
0.164211030428845,0.994200459208283
0.452397715320399,0.594570486245041
-1.8756949171752,0.992555273940343
0.882224008397572,0.343908286526126
0.116468956116003,0.287464247190771
-0.186275770990296,0.355791412108538
0.49170725998986,-0.634460316045356
-0.372456890081741,-2.13717440123139
1.38243321855221,-0.896256356123216
1.94725195091189,-1.05258759918518
2.30932911850761,1.83932238042533
-0.267295104965302,1.93601703333455
-0.463188478503196,-2.19522310129871
0.581834210049538,-1.73816352437065
2.64040128008818,-1.3674354165716
0.662469258278495,-1.51784929256321
0.105035572210524,-0.135529628629173
0.256143753229679,-0.765200328838207
-0.25010899417335,0.065632946340617
-0.688361190916254,-1.65669932914284
-1.65814015376465,0.403891429931365
-2.40031464117243,-1.00989981456897
2.71775422992087,0.387490060379074
0.534435945439155,-0.417961279320669
1.02178713012773,-0.326979195374228
-0.034528665935584,-0.37056639141252
-2.34581477696676,-0.062306055082922
-0.61863200417903,0.065938668941723
-0.021520989346125,-0.373838671036625
-0.245449049356109,0.37492306150126
1.27285792916838,-0.346090849926921
1.6267565025108,-2.02399945482012
0.456253854070624,-0.154960284061987
-0.311804893404327,0.40976862700759
-1.34775840653047,-0.405179631461818
2.01969866562166,1.06883519301153
-1.46546054136787,0.601309673038003
-1.89703156641406,-0.050386140641449
-0.833984418049811,1.66396605466823
-0.028328006252847,0.077708398660397
2.11849530941214,1.74950577522788
-0.011348593559076,-0.284980881985233
0.159946351189578,0.259077131474894
-1.69508489271498,1.53071492081572
-0.276134274829087,0.757481911035003
-0.831727286872266,-1.32091025518685
1.51195801201378,-1.7195705795421
-1.28552403686163,-0.171690848139992
1.18655401994347,2.6545123116304
-2.38398033577335,-0.232854141534871
0.465569749394409,0.008242772406281
-0.670361106699478,1.74241876229317
1.00551390017764,-1.06506367863321
-2.72867927171244,0.846645365904483
-2.18900150366775,-1.13374401409184
0.088975043768229,-0.387534870759656
0.128880315850796,-1.3827100639413
-2.4142808152527,0.344147384224821
-1.82276641301305,1.0921651763254
1.14524358099434,-1.32590659243021
-0.291979704561421,1.98537774179816
0.019630183610607,0.04391588010161
-2.20111502748955,0.903164377434118
0.748848328661044,-0.371159172913698
0.389822326380083,-0.698767233831404
0.880648204336566,-0.141454801586711
-0.486400614576092,0.082551299090442
-0.077088641997419,-0.49387596710772
0.956476976709602,0.656858353673249
0.286702420921959,-0.398297062806953
0.791719832710465,-0.316701212509697
1.20108340078489,-2.62420605636745
-1.76728170608568,0.895507646791875
0.817537186267427,-2.18241061396364
0.027856319195069,0.016028852210341
-0.89896284102084,-0.465597551299381
-0.157709129569035,-0.590331758321917
0.662411275632469,-0.192765782452118
-1.39971157086591,-1.48269654295573
-1.67164169705582,0.720742019663819
-0.642181026142389,-0.633729910959826
0.065420799337172,0.099936748365122
1.20534053646853,0.085494794961218
-1.05487955178194,-1.36121822422888
1.06391804488785,0.458755019244876
-1.78242755269537,-1.69775082483715
-0.150865818812953,0.042458107730794
-0.585796227215722,-2.55181494745899
-1.17718744445841,-0.470935886828241
0.961562793166977,1.36117257077028
-0.361634809899919,2.6193190178467
-0.131274989462414,0.509361698407287
0.1201378569087,-0.053064358948078
-0.894625882220492,-0.176419661333882
0.094874558674054,-0.320724869308662
-1.43687758215609,-0.336597379087473
-1.16414610948186,-0.272708360261623
-2.34611361098551,-1.43421466946661
1.21921956221242,1.14088771932813
-0.343149989725654,0.383372292067882
1.29426707843222,-2.0553568386594
-0.512741811353786,0.393730923745523
-2.37781497047622,-0.854911496434456
1.97550542636848,-1.8815426888009
-2.05365892528611,-1.88790072929765
0.069367249553962,1.04385267662458
0.294913107038457,-0.996958183882308
-0.223008531978029,0.865298143026453
-0.446235660327108,-0.643699552955052
0.850012388330127,1.1591629265553
-0.095913434264854,0.065864074621279
-0.318182368633322,0.746985295315
0.328990148083499,0.19713779426006
0.469116760325772,0.310089012736626
0.111047929916851,0.464834622783017
0.678735705584478,1.29649739272431
0.221080502929496,0.102364944936584
-0.189851228312506,-0.24498432208177
-1.17110574938825,0.307318499531903
-0.553036982948667,1.10341961634558
-1.24990453155348,-1.98503973573139
0.174716203502633,2.62916546134689
0.747682252719301,-2.61204107728106
-0.082254573074787,0.004370046238803
0.054319836462044,-0.067584373700307
2.27209712554927,-0.955873420622103
-0.186230413439581,0.102807259428425
-0.897161871670674,0.235430865558546
-2.74863330845713,-0.747444060752244
-2.60947490676371,0.58688755876929
-2.88962730255346,0.307999225356754
2.35705731484267,-1.84336158364921
-0.779626561996813,0.755817493055236
-1.50979276203089,0.904637624649096
0.502024380905124,0.331841148750433
-1.8113907861625,-0.048111477175223
-1.42135750487078,-0.482792122322265
-0.303459548620119,-0.204471074402851
-1.07092681516249,-0.654673729796921
-0.106392803725156,-0.359702331596391
-0.281972643034131,0.661977025729963
0.253125813970101,0.426725919120783
-1.28597319503366,-2.12483571120852
2.37082855553021,-0.997409827071265
1.82464400582308,-2.11248293053829
0.389106610768139,-1.31538073673144
-0.8090288277099,-2.82667847877579
0.762355510278682,-0.394815717078719
-2.61499919456824,0.443814366518029
1.30592499556904,0.720978560290025
0.319680991351107,0.309936925777455
0.708607917841104,1.35355825601317
-1.12127047035675,2.4500206752275
-2.62261403851869,1.18624939829393
0.500212663253895,-2.37034081529281
-1.49657505799393,1.4003391965762
0.171953465561791,-0.120334539078649
0.718009100630556,2.2099861284704
0.472118976363187,-0.780037251467371
0.481977760403736,-0.528975305140848
-0.687795242507714,-0.387702604709959
-2.17967386455176,1.30601698254629
1.79100922190009,1.03056767565599
0.077027503179072,-0.693338559429605
-1.48552867920651,-1.20482969804992
0.544616427334387,-0.107380961524585
1.6374622102535,1.64477481141079
-1.15947417923236,-1.31876604677159
-0.262947060745185,0.386542239035504
1.12571204401857,-2.2965444256672
-0.845122647075108,1.76344435084404
0.250965277394011,-0.203531438534245
0.029145268588888,0.055672280719641
0.105859468400431,-0.018931808222935
0.345105791010729,-0.328691214547933
0.139918938824133,0.054543156891596
-0.074299225155344,-0.081549063803725
1.4656720088433,0.025949282157758
-0.116262309925386,-2.01957943174111
1.50705226379633,-1.71399120482512
1.92155384592377,1.79809876152579
-0.604934561105432,0.032139149285681
1.92299520086334,-0.578051152679614
0.509819291404337,1.19698447915038
1.77613188064297,0
0.241070763474059,-0.086665555088847
0.689152134508742,0.429714491537636
1.52057019851125,-1.23317393987302
-0.072851367181094,0.361005556442833
1.21241544108973,2.71236847298095
0.158895556511696,-0.174389427057572
-1.64435303685501,-2.37199625405992
0.214899178732812,-1.23288143206269
0.446172351043189,0.631594286292872
0.072381181599691,-0.03045083190607
0.980596765400382,-2.14247234533124
-0.363721514799203,-1.08668547882105
-1.44782984885931,-2.01150390755692
-0.915121064869394,-1.51207033414313
-0.120586881276364,0.049479365773494
0.07058745338175,-0.284275625964492
2.67032613824776,0.600657956559164
0.246456881942761,0.323909655536973
-0.039256044446002,0.465740962827949
-0.932125657264534,0.049522258402785
0.421010142501693,-0.630836267054148
0.1361766275611,-1.05518235964178
-0.688287269015394,-0.187168011729333
-2.6311644613865,1.19011688845189
-0.083716707214327,1.7182762048223
-0.140483328486382,0.955246097976336
-0.380753325266058,-0.812932810676298
-0.41917124996568,-0.033463183045476
0.154803919125054,-0.888113573189159
-0.251887858602347,-0.211793031884159
-2.53998783970205,-0.91321857752881
0.856079850771386,1.21185264190726
2.68433649523376,1.21426490580756
-0.034837300665253,-0.098268115155432
-0.219700658235944,0.335592431976197
-1.4028363434667,0.518390290608954
0.198554807428785,0.089816658592632
0.398617356919098,-2.55327619179858
0.004386588161491,-0.033990050494842
-1.41150051394568,0.049953453737759
1.05814470686242,0.512881921250365
